<?xml version="1.0"?>
<doc>
    <assembly>
        <name>AvanteamMarketplace.LocalInstaller</name>
    </assembly>
    <members>
        <member name="T:AvanteamMarketplace.LocalInstaller.Controllers.InstallerController">
            <summary>
            Contrôleur fournissant les API d'installation et de désinstallation locale des composants
            </summary>
        </member>
        <member name="M:AvanteamMarketplace.LocalInstaller.Controllers.InstallerController.GetStatus">
            <summary>
            Vérifie l'état de l'API d'installation locale
            </summary>
            <returns>Informations sur l'état de l'API, incluant les chemins configurés et les fonctionnalités disponibles</returns>
            <response code="200">API opérationnelle avec informations de configuration</response>
        </member>
        <member name="M:AvanteamMarketplace.LocalInstaller.Controllers.InstallerController.InstallComponent(AvanteamMarketplace.LocalInstaller.Controllers.InstallRequest)">
            <summary>
            Installe un composant à partir d'une URL de package
            </summary>
            <param name="request">Informations du composant à installer, incluant l'ID du composant, la version, l'URL du package et un ID d'installation optionnel</param>
            <returns>Résultat de l'opération d'installation avec logs et chemin de destination</returns>
            <remarks>
            Exemple de requête:
            
                POST /install
                {
                    "componentId": 123,
                    "version": "1.0.0",
                    "packageUrl": "https://example.com/packages/component-123-1.0.0.zip",
                    "installId": "install-20250416-abc123"
                }
            
            </remarks>
            <response code="200">Installation réussie ou échec avec informations détaillées</response>
            <response code="400">Requête invalide</response>
            <response code="500">Erreur serveur lors de l'installation</response>
        </member>
        <member name="M:AvanteamMarketplace.LocalInstaller.Controllers.InstallerController.UninstallComponent(AvanteamMarketplace.LocalInstaller.Controllers.UninstallRequest)">
            <summary>
            Désinstalle un composant présent sur le serveur Process Studio
            </summary>
            <param name="request">Informations du composant à désinstaller, incluant l'ID du composant, l'option force et un ID de désinstallation optionnel</param>
            <returns>Résultat de l'opération de désinstallation avec logs et chemin de sauvegarde</returns>
            <remarks>
            Exemple de requête:
            
                POST /uninstall
                {
                    "componentId": 123,
                    "force": false,
                    "uninstallId": "uninstall-20250416-abc123"
                }
            
            </remarks>
            <response code="200">Désinstallation réussie ou échec avec informations détaillées</response>
            <response code="400">Requête invalide</response>
            <response code="500">Erreur serveur lors de la désinstallation</response>
        </member>
        <member name="T:AvanteamMarketplace.LocalInstaller.Controllers.InstallRequest">
            <summary>
            Représente une demande d'installation de composant
            </summary>
        </member>
        <member name="P:AvanteamMarketplace.LocalInstaller.Controllers.InstallRequest.ComponentId">
            <summary>
            Identifiant unique du composant à installer
            </summary>
        </member>
        <member name="P:AvanteamMarketplace.LocalInstaller.Controllers.InstallRequest.Version">
            <summary>
            Version du composant à installer
            </summary>
        </member>
        <member name="P:AvanteamMarketplace.LocalInstaller.Controllers.InstallRequest.PackageUrl">
            <summary>
            URL de téléchargement du package du composant
            </summary>
        </member>
        <member name="P:AvanteamMarketplace.LocalInstaller.Controllers.InstallRequest.InstallId">
            <summary>
            Identifiant unique de l'opération d'installation (généré automatiquement si non fourni)
            </summary>
        </member>
        <member name="P:AvanteamMarketplace.LocalInstaller.Controllers.LogEntry.isScriptOutput">
            <summary>
            Retourne true si ce log est une sortie de script post-installation
            </summary>
        </member>
        <member name="M:AvanteamMarketplace.LocalInstaller.Controllers.LogEntry.#ctor">
            <summary>
            Constructeur par défaut
            </summary>
        </member>
        <member name="M:AvanteamMarketplace.LocalInstaller.Controllers.LogEntry.#ctor(System.String,System.String)">
            <summary>
            Crée une entrée de log avec le niveau et message spécifiés
            </summary>
        </member>
        <member name="T:AvanteamMarketplace.LocalInstaller.Controllers.InstallerStreamController">
            <summary>
            Contrôleur qui fournit un streaming en temps réel des logs d'installation
            via Server-Sent Events (SSE)
            </summary>
        </member>
        <member name="M:AvanteamMarketplace.LocalInstaller.Controllers.InstallerStreamController.GetLogStream(System.String,System.Threading.CancellationToken)">
            <summary>
            Point de terminaison SSE qui renvoie un flux en temps réel des logs pour un ID d'installation spécifique
            </summary>
            <param name="installId">ID unique de l'installation</param>
            <returns>Flux SSE des messages de log</returns>
        </member>
        <member name="M:AvanteamMarketplace.LocalInstaller.Controllers.InstallerStreamController.SendPing">
            <summary>
            Envoie un événement ping pour maintenir la connexion active
            </summary>
        </member>
        <member name="M:AvanteamMarketplace.LocalInstaller.Controllers.InstallerStreamController.SendCloseMessage(System.String)">
            <summary>
            Envoie un message de fermeture au client
            </summary>
        </member>
        <member name="M:AvanteamMarketplace.LocalInstaller.Controllers.InstallerStreamController.AddLogMessage(AvanteamMarketplace.LocalInstaller.Controllers.LogStreamRequest)">
            <summary>
            Méthode API pour ajouter un message au flux
            </summary>
        </member>
    </members>
</doc>
